nx,val,interp_val
16,0.0855857391626639,0.0855857391626639
23,0.08095715954051322,0.08095715954051322
32,0.07937675370667208,0.07937675370667208
45,0.07981948532096055,0.07981948532096055
64,0.08115436500826592,0.07643105878102424
91,0.07974114308945446,0.07627975187213128
128,0.07998698561461763,0.07762989828135276
