tol,val,interp_val
0.001,0.10647823197813688,0.10284809846656945
0.0001,0.08265846218013244,0.08020100851018029
9.999999999999999e-6,0.08023035258388152,0.07786557271842279
1.0e-6,0.07998698561461763,0.07762989828135276
1.0e-7,0.0799629956938958,0.07760655011445992
1.0e-8,0.07996065726844391,0.07760426541234487
1.0e-9,0.07996043131864235,0.07760404398233972
1.0e-10,0.07996040951714471,0.07760402256639064
